{
    "loss": 0.225961834192276,
    "accuracy": 0.9088982939720154,
    "precision": 0.9088982939720154,
    "recall": 0.9088982939720154,
    "f1_score": 0.8741567134857178
}