{
    "loss": 0.19656789302825928,
    "accuracy": 0.9156118035316467,
    "precision": 0.9156118035316467,
    "recall": 0.9156118035316467,
    "f1_score": 0.8800848722457886
}